<?xml version="1.0" encoding="UTF-8"?>
<project-private xmlns="http://www.netbeans.org/ns/project-private/1">
    <editor-bookmarks xmlns="http://www.netbeans.org/ns/editor-bookmarks/2" lastBookmarkId="0"/>
    <open-files xmlns="http://www.netbeans.org/ns/projectui-open-files/2">
        <group>
            <file>file:/C:/xampp/htdocs/LUCAS/JavaApplicationBanco/src/javaapplicationbanco/ContaCorrente.java</file>
            <file>file:/C:/xampp/htdocs/LUCAS/JavaApplicationBanco/src/javaapplicationbanco/JavaApplicationBanco.java</file>
            <file>file:/C:/xampp/htdocs/LUCAS/JavaApplicationBanco/src/javaapplicationbanco/ContaCorrenteComEncapsulamento.java</file>
            <file>file:/C:/xampp/htdocs/LUCAS/JavaApplicationBanco/src/javaapplicationbanco/Loja.java</file>
        </group>
    </open-files>
</project-private>
